	114	115
r11.function.n.04529	2	2
r11.function.n.04530	2	2
r11.function.n.04531	2	2
r11.function.n.04532	2	2
r11.function.n.04533	2	2
r11.function.n.04534	2	2
r11.function.n.04535	2	2
r11.function.n.04536	2	2
r11.function.n.04537	2	2
r11.function.n.04538	2	2
r11.function.n.04539	2	2
r11.function.n.04540	2	2
r11.function.n.04541	2	2
r11.function.n.04542	2	2
r11.function.n.04543	2	2
r11.function.n.04544	2	2
r11.function.n.04545	2	2
r11.function.n.04546	2	2
r11.function.n.04547	2	2
r11.function.n.04548	2	2
r11.function.n.04549	2	2
r11.function.n.04550	2	2
r11.function.n.04551	2	2
r11.function.n.04552	2	2
r11.function.n.04554	44	2
r11.function.n.04555	44	2
r11.function.n.04556	3	2
r11.function.n.04557	1	2
r11.function.n.04558	4	4
r11.function.n.04565	7	2
r11.function.n.04566	7	2
r11.function.n.04569	7	2
r11.function.n.04570	7	2
r11.function.n.04571	7	2
r11.function.n.04572	7	2
r11.function.n.04573	7	2
r11.function.n.04574	7	2
r11.function.n.04576	4	4
r11.function.n.04577	3	2
r11.function.n.04578	7	2
r11.function.n.04579	7	2
r11.function.n.04580	7	44
r11.function.n.04581	7	2
r11.function.n.04582	7	2
r11.function.n.04583	7	2
r11.function.n.04584	7	2
r11.function.n.04585	7	2
r11.function.n.04586	4	2
r11.function.n.04587	4	2
r11.function.n.04588	44	2
r11.function.n.04589	4	4
r11.function.n.04590	4	4
r11.function.n.04591	4	4
r11.function.n.04593	2	2
r11.function.n.04594	7	2
r11.function.n.04595	2	2
r11.function.n.04596	2	2
r11.function.n.04597	45	45
r11.function.n.04598	2	2
r11.function.n.04599	2	2
r11.function.n.04600	45	45
r11.function.n.04601	4	4
r11.function.n.04602	2	2
r11.function.n.04603	3	3
r11.function.n.04604	2	2
r11.function.n.04605	2	2
r11.function.n.04606	2	2
r11.function.n.04607	2	2
r11.function.n.04608	2	6
r11.function.n.04609	5	2
r11.function.n.04610	3	3
r11.function.n.04666	2	2
r11.function.n.04716	2	2
r11.function.n.04775	2	2
r11.function.n.04862	1	4
r11.function.n.04863	2	2
r11.function.n.05002	1	2
r11.function.n.05142	2	2
r11.function.n.05198	2	2
r11.function.n.05491	2	2
r11.function.n.05493	2	2
